{
  "metadata": {
    "name": "openmct-symbols-12px",
    "lastOpened": 0,
    "created": 1527031065005
  },
  "iconSets": [
    {
      "selection": [
        {
          "order": 9,
          "id": 6,
          "name": "icon12-crosshair",
          "prevSize": 12,
          "code": 59696,
          "tempChar": ""
        },
        {
          "order": 11,
          "id": 8,
          "name": "icon12-grippy",
          "prevSize": 12,
          "code": 59697,
          "tempChar": ""
        },
        {
          "order": 10,
          "id": 7,
          "name": "icon12-list-view",
          "prevSize": 12,
          "code": 921666,
          "tempChar": ""
        },
        {
          "order": 6,
          "id": 3,
          "prevSize": 12,
          "code": 921865,
          "name": "icon12-folder",
          "tempChar": ""
        }
      ],
      "id": 0,
      "metadata": {
        "name": "openmct-symbols-12px",
        "importSize": {
          "width": 279,
          "height": 384
        },
        "designer": "Charles Hacskaylo"
      },
      "height": 1024,
      "prevSize": 12,
      "icons": [
        {
          "id": 6,
          "paths": [
            "M597.333 0h-170.667v256h170.667v-256z",
            "M1024 426.667h-256v170.667h256v-170.667z",
            "M597.333 768h-170.667v256h170.667v-256z",
            "M256 426.667h-256v170.667h256v-170.667z"
          ],
          "attrs": [
            {},
            {},
            {},
            {}
          ],
          "isMulticolor": false,
          "isMulticolor2": false,
          "grid": 0,
          "tags": [
            "icon12-crosshair"
          ],
          "colorPermutations": {
            "1161751": [
              {},
              {},
              {},
              {}
            ]
          }
        },
        {
          "id": 8,
          "paths": [
            "M186.347 232.64c0 51.458-41.715 93.173-93.173 93.173s-93.173-41.715-93.173-93.173c0-51.458 41.715-93.173 93.173-93.173s93.173 41.715 93.173 93.173z",
            "M186.347 511.867c0 51.458-41.715 93.173-93.173 93.173s-93.173-41.715-93.173-93.173c0-51.458 41.715-93.173 93.173-93.173s93.173 41.715 93.173 93.173z",
            "M186.347 791.36c0 51.458-41.715 93.173-93.173 93.173s-93.173-41.715-93.173-93.173c0-51.458 41.715-93.173 93.173-93.173s93.173 41.715 93.173 93.173z",
            "M465.573 93.173c0 51.458-41.715 93.173-93.173 93.173s-93.173-41.715-93.173-93.173c0-51.458 41.715-93.173 93.173-93.173s93.173 41.715 93.173 93.173z",
            "M465.573 372.4c0 51.458-41.715 93.173-93.173 93.173s-93.173-41.715-93.173-93.173c0-51.458 41.715-93.173 93.173-93.173s93.173 41.715 93.173 93.173z",
            "M379.028 558.728c51.328 3.652 89.978 48.223 86.325 99.551s-48.223 89.978-99.551 86.325c-51.328-3.652-89.978-48.223-86.325-99.551s48.223-89.978 99.551-86.325z",
            "M379.017 837.96c51.328 3.652 89.978 48.223 86.325 99.551s-48.223 89.978-99.551 86.325c-51.328-3.652-89.978-48.223-86.325-99.551s48.223-89.978 99.551-86.325z",
            "M744.773 232.64c0 51.458-41.715 93.173-93.173 93.173s-93.173-41.715-93.173-93.173c0-51.458 41.715-93.173 93.173-93.173s93.173 41.715 93.173 93.173z",
            "M744.773 511.867c0 51.458-41.715 93.173-93.173 93.173s-93.173-41.715-93.173-93.173c0-51.458 41.715-93.173 93.173-93.173s93.173 41.715 93.173 93.173z",
            "M744.773 791.36c0 51.458-41.715 93.173-93.173 93.173s-93.173-41.715-93.173-93.173c0-51.458 41.715-93.173 93.173-93.173s93.173 41.715 93.173 93.173z"
          ],
          "attrs": [
            {},
            {},
            {},
            {},
            {},
            {},
            {},
            {},
            {},
            {}
          ],
          "width": 745,
          "isMulticolor": false,
          "isMulticolor2": false,
          "grid": 0,
          "tags": [
            "icon12-grippy"
          ],
          "colorPermutations": {
            "1161751": [
              {},
              {},
              {},
              {},
              {},
              {},
              {},
              {},
              {},
              {}
            ]
          }
        },
        {
          "id": 7,
          "paths": [
            "M0 0h1024v170.667h-1024v-170.667z",
            "M0 426.667h1024v170.667h-1024v-170.667z",
            "M0 853.333h1024v170.667h-1024v-170.667z"
          ],
          "attrs": [
            {},
            {},
            {}
          ],
          "isMulticolor": false,
          "isMulticolor2": false,
          "grid": 0,
          "tags": [
            "icon12-list-view"
          ],
          "colorPermutations": {
            "1161751": [
              {},
              {},
              {}
            ]
          }
        },
        {
          "id": 3,
          "paths": [
            "M938.667 170.667h-341.333l-110.32-110.32c-33.2-33.2-98.667-60.347-145.68-60.347h-256c-47.073 0.136-85.197 38.26-85.333 85.32l-0 341.346c0.136-47.073 38.26-85.197 85.32-85.333l853.346-0c47.073 0.136 85.197 38.26 85.333 85.32l0-170.654c-0.136-47.073-38.26-85.197-85.32-85.333z",
            "M85.333 426.667h853.333c47.128 0 85.333 38.205 85.333 85.333v426.667c0 47.128-38.205 85.333-85.333 85.333h-853.333c-47.128 0-85.333-38.205-85.333-85.333v-426.667c0-47.128 38.205-85.333 85.333-85.333z"
          ],
          "attrs": [],
          "isMulticolor": false,
          "grid": 0,
          "tags": [
            "icon12-folder"
          ],
          "colorPermutations": {
            "1161751": [
              {
                "f": 0
              },
              {
                "f": 0
              }
            ]
          }
        }
      ],
      "invisible": false,
      "colorThemes": [
        [
          [
            0,
            0,
            0,
            1
          ],
          [
            0,
            161,
            75,
            1
          ]
        ]
      ],
      "colorThemeIdx": 0
    }
  ],
  "preferences": {
    "showGlyphs": true,
    "showCodes": true,
    "showQuickUse": true,
    "showQuickUse2": true,
    "showSVGs": true,
    "fontPref": {
      "prefix": "icon-",
      "metadata": {
        "fontFamily": "openmct-symbols-12px",
        "majorVersion": 1,
        "minorVersion": 0
      },
      "metrics": {
        "emSize": 1024,
        "baseline": 6.25,
        "whitespace": 50
      },
      "embed": false
    },
    "imagePref": {
      "prefix": "icon-",
      "png": true,
      "useClassSelector": true,
      "color": 0,
      "bgColor": 16777215
    },
    "historySize": 100,
    "gridSize": 16
  },
  "uid": -1
}